up主,出现次数
老番茄,146
凉风Kaze,115
盗月社食遇记,111
小潮院长,104
原神,92
绵羊料理,83
罗翔说刑法,75
小约翰可汗,75
泛式,72
手工耿,72
某幻君,66
木鱼水心,59
硬核的半佛仙人,54
中国BOY超级大猩猩,50
星有野,48
明日方舟,47
papi酱,47
我是郭杰瑞,45
影视飓风,43
无穷小亮的科普日常,43
央视新闻,42
花少北丶,42
崩坏星穹铁道,42
逗比的雀巢,40
STN工作室,40
敬汉卿,40
靠谱电竞,39
记录生活的蛋黄派,38
三代鹿人,38
朱一旦的枯燥生活,36
小片片说大片,36
华农兄弟,36
瓶子君152,34
兔叭咯,33
大漠叔叔,32
东尼ookii,32
老师好我叫何同学,32
导演小策,32
粤知一二,31
特效小哥studio,31
努力的Lorre,30
高斯Goh,29
Warma,29
啊吗粽,28
极客湾Geekerwan,28
哔哩哔哩弹幕网,27
水无月菌,27
共青团中央,27
三十六贱笑,27
黑猫厨房,27
TF家族,26
宝剑嫂,26
哦呼w,25
王师傅和小毛毛,25
徐大虾咯,24
崩坏3第一偶像爱酱,24
毕导,24
-LKs-,23
观察者网,23
英雄联盟,23
二喵的饭,23
敖厂长,22
神奇的老皮,22
上海滩许Van强,21
小文哥吃吃吃,20
才疏学浅的才浅,20
雨哥到处跑,20
进击的金厂长,20
梦幻西游电脑版,20
河野华,20
鲁大能,20
王者荣耀,19
HOLA小测佬,19
=咬人猫=,19
翔翔大作战,19
亿点点不一样,19
新华社,18
杜海皇,18
_青红造了个白_,18
#NAME?,18
力元君,18
人民日报,17
吃花椒的喵酱,17
李子柒,17
阿彭彭阿,17
大祥哥来了,17
剑客范十三,17
自动鬼畜中的WZ,17
罗汉解说,16
倒悬的橘子,16
哔哩哔哩英雄联盟赛事,16
hanser,16
狂阿弥_,15
智能路障,15
伊丽莎白鼠,15
拉宏桑,15
红豆稀饭中,15
-欣小萌-,15
含亮老师,15
塑料叉FOKU,14
谭乔,14
刘庸干净又卫生,14
Meetfood觅食,14
派小轩,14
鹤吱菌,14
超Carry的柴西,14
阿斗归来了,14
大碗拿铁,14
电影最TOP,14
HOPICO,13
江寻千,13
猛男舞团IconX,13
山城小栗旬的理发日记,13
麟宣森,13
渗透之C君,13
帅soserious,13
哈米伦的弄笛者,13
马刀刻森,13
朵朵花林,12
乡村教师日记,12
七颗猩猩QKXX,12
马里奥红叔,12
吃素的狮子,12
幾加乘,12
顾我电影,12
渤海小吏,12
雨琪在芬兰,12
布锅锅,12
食贫道,12
疆域阿力木,11
M木糖M,11
脱缰凯Kk,11
南翔不爱吃饭,11
司墨尧smile,11
幸运猎手,11
贤宝宝Baby,11
洛天依,10
钟文泽,10
Baka恶魔,10
张镇辉台球教学,10
远古黑金,10
徐大sao,10
绝区零,10
爱睡觉的_Koala,10
Tiger西西,10
日食记,10
逍遥散人,10
大家的音乐机,10
歪果仁研究协会,10
小芃路子野,10
自来卷三木,10
假美食po主,9
刘老师说电影,9
拜托了小翔哥,9
不是柯桑德,9
张津铭,9
翠花不太脆,9
小傲想睡觉,9
Milk缪客,9
三宋在这,9
杰威尔音乐,9
机智的Kason,9
极速拍档,9
盖里老哥,9
海棠家的大肥鱼,9
暗区突围,9
天才小熊猫本人,9
没啥用科技,9
你的影月月,9
归乡人山白,9
俏佳人xxx,9
花花与三猫CatLive,9
衣戈猜想,9
怕上火暴王老菊,9
他叫阿园,9
帅农鸟哥,9
深海色带鱼,9
纳豆奶奶,9
-显眼宝-,9
叔贵,9
真子日记,9
重返未来1999,8
取景框看世界,8
火柴人AlanBecker,8
浑元Rysn,8
推背兔の,8
黑神话悟空,8
GIDLE_official,8
nya酱的一生,8
喵哉小茶馆,8
咻咻满,8
知名相声演员BBBBB大王,8
暂离二度,8
老爸评测,8
奶糕成精档案社,8
晓观队长,8
暗猫の祝福,8
广东共青团,8
碧天蓝钻,8
快乐阿依,8
小白测评,8
芳斯塔芙,7
刘谦,7
潮汕好男人,7
永琪吗,7
杨可爱Ukulele,7
万灵缝合厂,7
卡布叻_周深,7
kei和marin,7
豆豆豆豆逗是我,7
黑镖客梦回,7
女孩为何穿短裙,7
赖皮猴爱美食,7
旺仔有内涵,7
稚晖君,7
尔东和小明,7
正直讲史-李正Str,7
天亮手工,7
与山0v0,7
老坛胡说,7
暴走漫画,7
萧然Q,7
一大筐会飞的草莓,7
苏打baka,7
棕与灰9,7
不普通人类实录,7
猫不理咖啡,7
百万剪辑狮,7
RAY的模型世界,7
美食作家王刚R,7
轩邈Elias,7
yoyo鹿鸣_Lumi,7
BML制作指挥部,7
鸣潮,7
森纳映画,7
芒果冰OL,7
三木刃,7
-夏秋冬-,6
是老胡没错,6
吟游诗人基德,6
小桑菜奈,6
KBShinya,6
疯狂小杨哥,6
BBoxer酋长,6
鹦鹉梨,6
真探唐仁杰,6
AHALOLO,6
凤凰传奇,6
红色激情,6
狂风桑,6
先看评测,6
本喵叫兔兔,6
凹凸赛克,6
卡琳娜和揉西,6
-纯黑-,6
烟季,6
白噩纪邪神,6
滤镜粉碎机,6
白勺啊达,6
培根悖论唠唠嗑,6
最上川下山,6
阿靖zi-,6
洛温阿特金森,6
流萤Zz,6
史蒂猪StevenPig,6
和猫住,6
哔哩哔哩拜年纪,6
小叮当的伙伴们,6
-柠萌菌-,6
TheShy,6
李炮炮儿,6
历史调研室,6
良田田田,6
薪儿姐师尊,6
魔法Zc目录,6
闫帅奇,6
音乐制作人Kurt,6
酸梨大王,5
MEspace天植,5
战场ヶ原-,5
康哟喂,5
知了解压萌物,5
黝黑蜗壳天眼老师,5
MayTree五月树,5
钉钉DingTalk,5
球球特别大,5
阿文今天吃什么丶,5
文武俩兄弟,5
何胜0423,5
狈总,5
六二二同学w,5
哔哩哔哩毕业歌会,5
看不见的罗杰,5
龙腾虎跃龙兽医,5
腾格尔,5
锦书致南辞,5
所长林超,5
黄一刀有毒,5
也就那点事儿-,5
小Lin说,5
白小纯2019,5
网易逆水寒,5
美尼尔动画君,5
账号已注销,5
戴建业老师,5
枫泽雨畔,5
啊粥粥啊粥,5
祁么么mo,5
路温1900,5
GEM鄧紫棋,5
LPL战术小黑板,5
科技美学,5
小艾大叔,5
一一只是黑猫,5
火影忍者手游情报君,5
广西吴恩师,5
侯翠翠,5
老少女阿珂,5
苏星河牛通,5
何大爷课堂,5
莴苣某人,5
生姜蛋包饭,5
怪盗剧场,5
Super也好君,5
暴躁的仙人JUMP,5
Upspeed盛嘉成,5
碧蓝航线,5
oooooohmygosh,5
差评君,5
小缸和阿灿,5
亮亮也是酿酿,5
bobo最洋气,5
枪弹轨迹,5
卢正义的雕刻时光,5
马鹿blyat,5
宝鲁日GO,5
学姐圆,5
秋名山上的486,4
怪兽电台MonsterBlog,4
中国长安网,4
朱铁雄,4
我的样子平平无奇,4
一颗咕咕星,4
日向源,4
茶咩cc,4
咖喱芋圆儿花开富贵儿,4
火树银花的花大侠,4
蒂姆嘟嘟Tim,4
星雨Starrain,4
魔改丶老K,4
利利那TD25,4
OELoop,4
公孙田浩,4
盒子酸奶,4
川同学不穿童鞋,4
MJ小林大人嗷,4
猪坚强jqsg999,4
鱼肉肉pabo,4
四夕小田木_,4
井上正大-官方,4
终极小腾,4
东东翔,4
老戴在此,4
EdmundDZhang,4
漾少侠,4
vivo,4
熊伟Sherwin,4
田一名sir,4
觅2,4
金渐层烤猪,4
飓多多StormCrew,4
摸鱼事务所,4
期末77,4
汤姆的混乱空间,4
林带鱼w,4
饮茶哥Elvis,4
阿蔡美食雕刻,4
阿时爱吃红烧肉,4
33不是山山,4
杨真直,4
卡慕SaMa,4
龙大人不喷火,4
YuH_ChiliChill,4
一鹿有车,4
知心者联盟,4
李意纯,4
谭晶,4
JLRS-jayfm,4
夜雨星繁y,4
IGN中国,4
不自由摄影师winga,4
多多poi丶,4
龙崎棒棒糖,4
爱鼓捣的邢志磊,4
碰碰彭碰彭,4
蔚蓝档案,4
遗梦Yolo,4
白西瓜SY,4
芜湖大司马,4
惊奇动物园oopspark,4
鲁磊,4
迷因水母,4
痞仔伯爵,4
熬一耶ye,4
初九Haimon,4
网易梦幻西游手游,4
宇崎学妹想要摇,4
贪玩歌姬小宁子,4
大象放映室,4
呆临,4
央视网,4
中气爱,4
徐大花xudahua,4
十五的月亮廿九圆,4
卑鄙的老曹,4
SMTOWN,4
low君热剧,4
阿拉丁狗蛋儿,4
叶无趣,4
阿Test正经比比,4
爱黏人的圆子哔___,4
猫后生,4
孤独的美食基,4
胡仔一人食,4
慧小媛,4
嘉然今天吃什么,4
阿幕降临,4
切片计划,4
泠鸢yousa,4
8KRAW,4
水果猎人杨晓洋,4
吴木良,4
南云鸟羽,4
GenJi是真想教会你,4
ilem,4
大圆哥_,4
芦苇十三少,4
king金鑫-音乐制作,4
Chubbyemu,4
国电武术馆馆长,4
Yooupi食途,4
米尼麦泥轰,4
非非二般,4
王小七Fire,4
高坂大芥末,4
阮阮是个天才7,4
张志浩在剥柚,4
KKOMDA,4
王七叶-,4
小鹿Lawrence,4
Henry的小木屋,4
维C动物园-,4
185同学,3
硬件茶谈,3
叫我死盖就好,3
战辉,3
硬核豆浆,3
李论科学,3
陈抱一,3
利维坦mY,3
王七四-,3
vivi可爱多,3
翻拍小分队,3
杨三岁和小鱼,3
碎嘴企鹅,3
皮科医生魏小博,3
爱你的T酱,3
计算机学长,3
玩音乐的EZ,3
巅峰计划,3
小紧张的虫虫,3
我叫孙火旺,3
白荆回廊,3
核动力路灯,3
钉宫理惠,3
奥林匹克运动会,3
徐云流浪中国,3
矮油王老六,3
托马斯家的,3
雁老师,3
神笔靳强,3
没有蜡笔的小新-新,3
有山先生,3
大渣熊,3
热门情报局,3
呵云xuunxix,3
阿狸才不是受,3
新评科技,3
黑猫重工,3
轩仔贼giao,3
芙芙家的洗碗君,3
宴宁ccccc,3
卢克文工作室,3
豪言の经理,3
木羽说科技,3
李合适Riggy,3
Mima-密码,3
我是EyeOpener,3
黄正极,3
二二酸酸,3
像素企鹅,3
一只大哈鱼,3
飞社长,3
超果果mc,3
美南子哇,3
博舒,3
Vicky宣宣,3
战双帕弥什,3
中国国家地理,3
纽毕斯,3
蚀血之暗,3
白林Bylin,3
陶阿狗君,3
良心发作的chunchun,3
毒影子,3
吃瓜群众吴导,3
浙江卫视,3
闲鱼混剪,3
雾林山远,3
安森垚,3
垫底辣孩,3
MAX-小仙女,3
舒舒酷北北,3
张全蛋,3
姚姚不是P30,3
天天卡牌,3
肝帝董佳宁,3
不2不叫周淑怡,3
ZA_7,3
平圆方中Lebannen,3
我们都是社畜,3
巴比伦塔1,3
Dingo_official,3
Uzi,3
LinkMusicNow,3
艺术菜花,3
阿福Thomas,3
胖雪人Ozu,3
浙江共青团,3
老奇好好奇,3
KieruArt,3
Journey滑板,3
大炒面制造者Cen,3
不寻常的阿尔,3
凉子访谈录,3
EDG电子竞技俱乐部,3
赛博食录,3
我是411,3
不知耻の紫烟老师,3
吸奇侠,3
四川观察,3
动漫唯美风,3
犬来八荒w,3
火山哥哥,3
飞飞舰长,3
小天才树仔,3
蜡笔和小勋,3
庄子HD,3
superB太,3
聒噪的山海君,3
郎朗,3
达达达布溜-,3
小x文,3
内幕纠察局,3
Melonshu,3
大瑶同学remix,3
未定事件簿,3
超想吃番茄,3
阳光男孩小丑熊,3
短的发布会,3
在下哲别,3
小野日记-,3
light是光华,3
思维实验室,3
遇虹晨,3
彭南科,3
Linksphotograph,3
纸动画-甄强,3
瑶生Y,3
主持人yoyo酱,3
绫人太太啊,3
No_Tables,3
钢铁直男必老板,3
天气温云,3
小少焱的,3
音阙诗听,3
拖杯糕,3
GYAnimation,3
BuriedAlien,3
哔哩哔哩UP主服务中心,3
茗家的鸫,3
万能工具人阿伟,3
吕宸joker,3
淘宝,3
打泥泥,3
AB鲜,3
萌萌战队,3
晏策去月光林地了,3
老王在中国,3
黄家荣,3
有超超,3
虫哥说电影,3
医学科普联盟,3
小熊flippy,3
靠脸吃饭的徐大王,3
老饭骨,3
神秘店长A,3
JasonHuangMusic,3
异次元臭豆腐,3
玉译沙画工作室,3
上单老祖,3
泡厨房的顾小胖,3
忘川风华录,3
DECO27_Official,3
黄龄,3
大头大头哥哥,3
桂非妃,3
八云兔不秃,3
怪力阿猛,3
叶子吖OHYEZI,3
紫颜-小仙紫,3
毒舌电影,3
香芹又青了,3
爱做饭的芋头SAMA,3
文西与阿漆,3
小透明阿九,3
奇妙幻想派,3
企鹅带带北极熊,3
喜仔的世界,3
哔斯卡金像奖,3
帷幕VMovie,3
庄不纯,3
萝卜吃米洛,3
蚊子-学做美食,3
果蝇轰,3
仙道居士,3
CSGO大茄子,3
___viv___,3
青莲又失利了,3
绯绯Feifei,3
李如儒也是李蠕蠕,3
祖娅纳惜,3
青铃荼阳,3
ZALST染城,3
杨颜同学,3
老八捌,3
马哥巨离谱,3
白日妄想家,3
我叫瞬哥qaq,3
是个维维啊,3
树根龙门阵,3
好物清单,3
矮乐多Aliga,3
时少权,3
风羽酱-sdk,3
动动枪DongDongGun,3
小透明明TM,3
张煜东East,3
马壮实Hera,3
永远的我的鸟笼Me,3
绝对演绎,2
害羞7,2
淮秀帮,2
嘞是唐孃孃,2
米微Micron,2
思维跳跃的熊怪,2
剪刀手杰瑞,2
王左导演,2
朝烟今天唱歌了没,2
埃及南希,2
掉线狂魔☆火星,2
折原露露,2
樱萍Apple,2
初音未来_Crypton,2
火焰三黄鸡ao,2
詹木丝儿fit,2
在下铁头阿彪,2
阿沛不开心,2
星球研究所,2
多拉的十九N,2
王濛,2
卡门卡卡_,2
莱茵实验组,2
虫柚POMELO,2
田花花,2
进击的空空,2
毕的二阶导,2
贝加尔阿楠,2
i鱿鱼Y,2
已逝昨天,2
King_Vader,2
小鸡词典,2
李维刚的日常,2
画渣不渣的三查,2
-TS映画-,2
Yの君,2
网易蛋仔派对,2
闪耀优俊少女,2
夸利亚Qualia,2
锤子game,2
野游记_,2
怪力老陈,2
萧影殿下,2
柴府三小只,2
华为终端,2
AIChannel官方,2
九冢嵬,2
李青仪,2
狄龙顾,2
吹拉弹唱慕星银,2
李铁盒的游戏笔记,2
犀利有话说,2
李野王SG,2
品诺美食开课啦,2
龙馍馍,2
设计师深海,2
丹哥和弟儿,2
小王Albert,2
_YMJ_,2
新电图,2
归舟四郎,2
万老板,2
了不起的你我他a,2
街健呆木头,2
小狮日记,2
花泽香菜,2
卡拉彼丘,2
张圣叹Yo,2
空耳狂魔,2
好奇星人知识喵,2
池早是我,2
王天霸是只猫,2
林簌SUSU,2
原野郎中,2
开普勒星人,2
叁叔的春天,2
中国警察网,2
明茂-,2
某科君,2
GNwork团队,2
江风有耳,2
胖家军-陈胖胖,2
侃哥侃英语,2
站不起来的蒙蒙,2
牛战士历险记本人,2
妮可蹦蹦,2
拉美小姐姐Waleska,2
央视网快看,2
柴总在忙,2
黑旗团队,2
DJGunbuster,2
龚俊Simon,2
中国日报,2
猪排派,2
斑鸠鸭,2
热心网友阿言,2
白日梦不要钱--,2
嗑书的阿冉叔,2
树林同学-,2
酥妃大魔王,2
胡基森,2
落尘是逗比,2
李格Greg,2
火兰朋克,2
冷却报告,2
罗德岛兔兔剧团,2
这个账号叫啥呢,2
刘昔昔昔,2
暴风岛沉浸式密室,2
郭云神奇,2
闪耀暖暖,2
刘哔电影,2
Rookie,2
单机肥肥王日君,2
嗑叔磕动物,2
阿萨Aza,2
安娜-谢尔巴科娃,2
裹小脚的大叔,2
巡游轨迹,2
季年Season,2
KleinerPixel,2
荒草音乐,2
我是阿众,2
小小段砸,2
是一只九龄,2
尤菲莉亚玛泽塔,2
韭菜实验室,2
许嵩,2
在逃许师傅,2
音乐私藏馆,2
萨顶顶,2
幕川北,2
星瞳_Official,2
罗兰朵女士,2
是桃大,2
谁不重要i,2
真栗,2
熊出没BoonieBears,2
绘之音,2
画小人的罗元,2
36氪,2
伊介书生,2
康康和爷爷,2
老耗游戏,2
穿毛裤的小拉泽,2
菜男烧小菜,2
Topbook,2
阿三解说,2
SKYE魏,2
闲人祝幸福,2
上白石萌音,2
Ayase-YOASOBI,2
贾逸可,2
巴黎小郭郭,2
墨轩TG,2
苏清吾,2
万物深蓝,2
开箱嘤嘤怪,2
托宝_TORBJORN,2
夏波波Brian,2
好运的鱼,2
面面军团,2
太阳星sunstar,2
肉肉大搜索,2
刘师兄_liujun,2
提瓦特整活频道,2
GGAC,2
落九川,2
周侃侃plus,2
命运方舟LOSTARK,2
修片狂魔,2
漫威英雄v,2
古呀老师,2
进击的铁木君,2
老子150,2
梦幻西游网页版,2
袁启聪,2
网易阴阳师手游,2
哲哲哲同学,2
四宫-研lzc,2
黄霄雲,2
舞蹈区小锦鲤,2
小耳朵图图tu-,2
旁门左道PPT,2
喵与茶,2
王骁Albert,2
元莱Yilia,2
龙帅食堂,2
星曜Hoxi,2
诡秘之主游戏,2
惨爆了阿浩,2
老坚果然翁,2
奥运冠军吕小军,2
铁一WENDYZ,2
热馊馊,2
别野生活,2
纸飞君,2
宛倾然,2
子彧星塵,2
钞能力毛毛,2
無無無鱼子,2
聪哥说车,2
尘白禁区,2
诺子喵呜,2
王一工iMok,2
明日方舟终末地,2
恋与深空,2
演员陆二喜,2
善良的诚哥,2
鲁过一世,2
惜我余生,2
阿猪米德,2
可口的红糖,2
狂野脉动,2
全嘻嘻,2
YJango,2
腾讯,2
职场变形记,2
不正经老丝,2
Kevin的木头,2
高攀了这人间,2
影评人毛尖,2
三哈兄弟-沙雕日常,2
老黎和小黎,2
热男HotGuys,2
麦克阿瑟MacArthur,2
一块电鹿板,2
张若宇,2
高校钓鱼之王,2
大米壹袋袋,2
地球知识局,2
Jerryprpr,2
徐锦江,2
敦煌老马-羊头,2
逆转的桥,2
姬一元,2
平安夜的噩梦,2
二代二代,2
我是TOO,2
血小板??????,2
陈仕贤Csx,2
哔哩哔哩寻光,2
摸鱼能手邓大头,2
兰音Reine,2
粗中有细的计数板,2
红胡子老爹定格工坊,2
-麦粒太太-Ver-,2
那就叫王师傅吧,2
国家建筑师Cthuwork,2
Ele实验室,2
尤超白,2
荆楚者云,2
韩小四AprilHan,2
虎牙青年Plus,2
北忆Bey,2
言力华,2
小宇Boi,2
榴莲阿呀,2
盐鱼安图丁,2
五四IAM,2
窝头是个暴脾气,2
TenGuSan,2
JoeCreator,2
G2电子竞技俱乐部,2
长腿毛的哥哥,2
梗指南,2
八零徐姥姥,2
超音速君,2
哔哩哔哩视频卫星,2
凤凰网,2
星野派克,2
哭天喊地六仙女,2
怪物彼岸花,2
城市里的动物,2
盼盼罚吃小面包,2
阿哈哈哈哈哈黑猫警长,2
糖醋蛋黄,2
一条视频,2
铁秀IRONSHOW,2
学过石油的语文老师,2
龙女之声,2
九三的耳朵不是特别好,2
默剧小白,2
Crazy-face,2
修一j,2
大宽物理,2
酸辣土土,2
老李船长,2
特别中二的q3君,2
哇塞几张,2
魔界造物,2
梁工的忧郁,2
追娘娘特别肝,2
Faye-詹雯婷,2
鬼叔黍,2
Dennis飞昊,2
冷淡熊,2
打不倒の西撒,2
HOPE_MUZIE,2
天秀宝宝丶,2
壶提提,2
RNG电子竞技俱乐部,2
游乐王子-袁奇峰,2
就叫我邱刀鱼吧,2
无期迷途,2
奶茶小肥仔,2
演奏动画Enbiggen,2
巫兔菌,2
烩烩,2
-猫猫冰-,2
方浪浪,2
抗白六代目,2
骚糖鸽鸽,2
银发の半精灵,2
KM二号,2
异兽之子_木木,2
王尼玛,2
bilibili星访问,2
YG_FAMILY,2
京东,2
TheRock_Johnson,2
哇哇哇妹,2
-阿健-,2
CD_PROJEKT,2
鲜洋芋,2
灰太狼的羊,2
女神绫波丽,2
楼上的老张,2
二次元的中科院物理所,2
点滴菌,2
歪歪Mixing刷怪笼,2
手工小匠,2
瘫倒的Aqua,2
芝月,2
英伟达GeForce,2
永劫无间官方,2
独立菌儿,2
Sensikao,2
L另唐,2
谢谢艺,2
一叮当猫一,2
功夫大叔,2
小砍丶,2
霍顿,2
小猪P_,2
上来先丢大,2
解说米勒,2
GARNiDELiA,2
暴走的沙福林,2
阿健在写歌吗,2
浮沉studio,2
GoldenEggs,2
小岗同学,2
阿白的金手指厨房,2
柴知道,2
蕾儿乔什看世界,2
啊Sai在纽约,2
叁乔居,2
大福咕咕,2
次级英雄娄不凡,2
音乐人王搏,2
燕子堡BBQ学徒Ray,2
饲养员小谢,2
奇异小北,2
君寻玩剪辑,2
项真爽,2
许里xurry,2
是小光芒呀神秘组织,2
青空-AoiSora,2
峡谷国乐团,2
毒舌的南瓜,2
帕姆的收藏夹,2
zettaranc,2
还有一天就放假了,2
小不明飞行物,2
是你们的康康,2
三毛水果艺术,2
鸡鸡·夫斯基,2
ITZY,2
天天吃八碗,2
信徒Shinja,2
MrBeast官方账号,2
央视频,2
上将王司徒,2
麻子蹲,2
他的日常时光,2
阳桃SunOfPeach,2
世界记忆大师龙雅,2
铃小麦,2
神奇菌汤锅,2
裴一言,2
果子哥哥工作室,2
树深时见鹿dear,2
林小北Lindo,2
莉可Kurisu,2
观视频工作室,2
於音,2
麦之花Hibana,2
T1-Faker,2
久远丶酱,2
曦曦鱼SAKANA,2
鹿乃ちゃん,2
渚岸汐潮,2
鲲局长,2
女明猩粥粥,2
小芊枫,2
是毛布斯呀,2
是李嗲和老铁,2
姜峰真的苟,2
-柠檬猹-,2
惜缘、过去,2
沈逸老师,2
在下南巷哟,2
22和33,2
守望先锋,2
hello刘小备,2
陆仙人哦,2
不知道叫什么好的萝卜,2
画渣花小烙,2
闽狼本色MANNAM,2
旋风博文,2
鲤鱼Ace,2
二重螺旋,2
GM的秘密基地,2
九夜听风,2
老阳的奇妙电波,2
猹泡饭233,2
WindPoro,2
Jasmine是茉莉花,2
银屏系漫游指南,2
小缸,2
四月是我的生日,2
糖霜饼干的奇妙物语,2
颜值爆表啦,2
桥北小书生,2
会唱跳Rap的胖虎,2
Foki伏叽,2
Ksr桑,2
早川大寒,2
喜欢数码的陈同学,2
不死な千咲,2
嘤武罗,2
BettySays,2
全国知名小雪糕,2
蒸気火鸡,2
动漫作业本,2
司空离,2
天师道的白山正,2
剪刀手瑜乔,2
王德峰,2
万卷书容,2
沉沉一灰,2
拯救世界的狗子,2
伍六_七,2
泪腺战士,2
中国火箭军,2
吟游大司人,2
静知时岁,2
wuhu动画人空间,2
貂蟬的腿毛,2
李玉刚,2
米雷-RayDog,2
EDG_Clearlove,2
四季萌芽,2
葛平,2
鹿火CAVY,2
不是的的是のの,2
小飞蛾好可爱,2
伢伢gagako,2
我是凡人繁星,2
越南木匠阿岛,2
美院安迪看艺术,2
隔壁红魔,2
小凡今天出片了吗,2
遇真纪事,2
周老头呀,2
汤木檀泽,2
中国食品报融媒体,2
FoFTG,2
_傑傑菌_,2
咆哮丶土拨鼠,2
名帧探Siri,2
大胡子魏,2
KILLLER绅士,2
阿昭Akira,1
森奈萘乃__,1
平盖尔,1
虚假的朋友-虚鹏,1
杨迪,1
长片短解,1
livehonestly,1
瑄羽猫,1
阿木爷爷,1
大武爱折腾,1
大家测,1
奔奔和他的小伙伴,1
整形医生胖天使,1
position06,1
远古时代装机猿,1
猛男与狗,1
赛脸大胳膊,1
百事可乐,1
吾聊电影,1
長野社長,1
金牌厨师岛主,1
国家二级飞行员,1
风云熊,1
少轩SRAG,1
极夜先森,1
苏泊比娅Superbia,1
汤姆莱纳w,1
化妆小天才肖遥,1
苟宋-做的东西不卖,1
远坂塔尔,1
Linvo说宇宙,1
皮肤科医生张武,1
Kuma_熊桑,1
张小只ya,1
张校长本人号,1
巴拉吧啦778,1
-妞妞妞-,1
天天买瓜,1
啊哈时光AHAMOMENT,1
严伯钧,1
祸尾氏,1
无处安放的胡瑞庭,1
司氏砸缸,1
这是曼玉,1
超级英雄张艺杰,1
张十七历险记,1
伞下霙_Kasa,1
元宝女足,1
吴戟槐树,1
钢岚官方,1
蜀黍举个栗子,1
星河坞,1
李观洋,1
法斯The,1
荧光辣条,1
席拉瑞丝,1
人间放映厅,1
麻醉医生凌楚眠,1
程十安an,1
骆歆同学,1
西卡观察员,1
北少喵,1
cheems日记,1
柚卡yk,1
永啼鸟的宫水レイハ,1
风风的小摊,1
依然小智,1
CSGO国服,1
东予薏米,1
怒九笑,1
DarkCarrot,1
小柯SevenLove,1
摩西是野生的,1
春雨梦游记,1
山村支教亮亮老师,1
肥宅快乐雕PhatDeal,1
麦芽唐唐唐,1
棋手战鹰,1
陆鳐LuLu,1
花前先森,1
我不是西点,1
六月Aurora,1
周大爷不服老,1
KevinFuF,1
游戏动力VGN,1
黯穹,1
黄正义_,1
一只吐槽圆,1
幻想家姜时一,1
艾尔十六,1
咕噜一口小三胖,1
印象派无颜卒,1
uu开饭了,1
他说电影,1
SolidStudio,1
小椰子专栏,1
进度条-软装抠搜指南,1
机核GCORES,1
神奇的巅峰,1
阿毛带你买橘子,1
冬青动物志,1
KiddyLee周全,1
斋卡,1
糯糯团的饭桌,1
博士延毕生Tony,1
春水堂-小溪,1
应年啊啊啊,1
创作失败,1
X调查,1
实况足球手游官方,1
原来是小诚,1
范范是个小火箭,1
陪练琴的三宝妈,1
玩得福小熊做动画,1
Halation君,1
貓木匠,1
一只姜老师,1
三个猪鼓励,1
春游哥哥,1
橙某,1
郭猫宁Morning,1
足球故事-李治霖,1
Neouo,1
cheems小电影,1
荒野粗人,1
隋卞做,1
宋山支,1
极致画迹,1
牧楠movie,1
冰冰你猜猜,1
耀仔爱掀琴,1
郭乐乐owo,1
霹雳蓝猫,1
刘炫i,1
阿希亚的小手工,1
根号六十四,1
野灿baka,1
是删青啊,1
新华网,1
张远Bird,1
迷糊的球,1
郑童童_,1
网易招聘,1
岁月装填,1
万事屋大磨头,1
一诺求生录,1
夏一可,1
洪某人i,1
嬛嬛你这个毒妇,1
德国人Leo乐柏说,1
晕车的白茶,1
法老爷爷,1
Animenzzz,1
B站方块,1
s大野丽莎,1
省大人的,1
澈洌chan,1
7块电影,1
贤良淑德列克星敦太太,1
Nami猪糖糖,1
栗子小匠,1
LD的声乐游乐场,1
随时跑路的阿噗酱,1
菜园一只猪猪,1
她脚踝银铃响了,1
leomantic,1
特仑苏官方账号,1
诸葛皮皮9527,1
赵震北IZ,1
他塔拉,1
灵魂画家家,1
非手工,1
疯狂大笑总,1
胖超V,1
弗雷达不要拖拉,1
宿命回响,1
走路摇ZLY,1
露营叔,1
街头寻梦,1
亿剪盖儿,1
好多喵meow,1
王大姐来了,1
熊羽的北漂成长日记,1
沈肉肉是个二哈,1
好臭好臭的人,1
大勒個熊,1
J神呢,1
彩虹酱哇,1
泄糖pola,1
李雪秋get版,1
百面千相,1
某Winters_Z,1
东南倾丶,1
张张张拾一,1
影石Insta360,1
强哥゜,1
Lct火红枣,1
科幻视界,1
董老厮来了,1
鹏远LPY,1
月燃CUT,1
我叫毕语航,1
大果叮w,1
小开整郝活,1
天气预报--狂风暴雨,1
小椒与小白,1
点石数码DANS,1
解说七老爷,1
谈苏阳,1
Zhan丨,1
可怜的11啊,1
口袋迷ag,1
Foreree-,1
可乐神提供,1
钟华在农村,1
iQOO手机,1
嘟督不噶油,1
中国青年报,1
橙学士,1
污污云,1
中国平安,1
乔乔和夫夫,1
俞涛不光会做九转大肠,1
猫咪公寓2,1
一个李欢喜,1
深夜徐老师,1
任舒瞳,1
阿星and阿奇,1
大明白兄弟,1
匕匕定格,1
MuseDash_喵斯快跑,1
花岗岩工作室,1
蔡蔡的vlog,1
RyEric,1
哨子饱饱,1
宝石研物语_伊恩之石,1
李佳琦Austin,1
那个黄师傅,1
StrayKids,1
猪哥哥爱跳舞,1
牛万山,1
画画的喜爷,1
dao刀刀_,1
一只风风o,1
阿拉比珂学姐,1
摄影师游航,1
花蛤酱吖,1
大雷的食品科普日常,1
嘿茗单,1
菊蛤xx,1
菌烨tako,1
阿一动漫,1
某一个晓,1
职业逃跑,1
哔哩哔哩LOL赛事直播,1
补补庐,1
老孙聊游戏,1
功必扬队长,1
Jeoli音乐,1
空之要塞启航,1
一小颗青金石,1
MrDandy胡榛,1
凳子凳子_,1
阿斯顿马丁3258,1
大庆赶海,1
雷疯-,1
伊野奏,1
哈仔十一,1
胖达简妮Jennyyy,1
无限暖暖,1
舞动千枫,1
坤拳_程坤,1
铁血陈木良,1
YJY0807qwq,1
auauko,1
是小钱-,1
小米公司,1
肖恩Shaun-Gibson,1
薛薯片,1
活死人的B站账号,1
管泽元,1
考研政治徐涛,1
浮云上打个盹,1
Y_O_R_A,1
贰蛋蛋蛋蛋蛋,1
哔哩哔哩晚会,1
up主,1
玩钉子的钉子,1
好奇艾瑞,1
LinusTechTips,1
老支和啾啾,1
时尚美杜莎,1
济公爷爷_游本昌,1
Spylent,1
网易第五人格手游,1
绝命墨菲,1
新世代爱迪,1
刘开心在叙利亚,1
粮粮不会凉,1
大狸子切切里,1
个色兔子,1
玄离199,1
一本正经的坤仔,1
央视农业,1
吃饭看书打游戏,1
付航脱口秀,1
大力滴滴滴,1
Coulson不讲李,1
ChenGeJi,1
南原不圆,1
风刃不争风,1
饭帅,1
vamoko,1
绽放的金针菇,1
温竣岩,1
种植记,1
话很多的小姐姐们,1
能量加油站,1
青蛙刀圣1993,1
wrizedm,1
楠瓜情绪记录仪,1
秋陌_Cheyenne,1
波克楠楠,1
越with霓虹鸡,1
韩波格_,1
欢哥的模玩世界,1
足球记忆,1
夏叔厨房,1
冰绎,1
宇宙壹号,1
光与夜之恋,1
动画道长Dee,1
戴博士实验室,1
乡村小明科目三,1
2233幻古诗,1
CCplay_B站号,1
高歌体育,1
逍遥小枫,1
粥粥的奇妙冒险,1
一粒盐-YLY,1
大刀王五EP,1
杰克的电影评论,1
萌了八级,1
辩论社官方账号,1
与尔鸽鸽,1
IReneちゃん,1
咕叽ペ,1
佳能同学会,1
安徒生不讲古诗,1
东倾电影,1
是景岁啊,1
漂泊Poker,1
想象研究所,1
LinHu_林虎,1
西洋跳棋-,1
阿志-三国志战略版,1
简存心理,1
妈妈再灭我一次,1
大碗姐888,1
酷鹿鹿日记本,1
爱唱歌的大学生,1
北窗遥望,1
宋云生-,1
花袭人拳打镇关西,1
小触说奇案,1
船家妹丁,1
昙露Channel,1
异人之下,1
吃不饱仨战士,1
写竹人,1
城阳电工电路,1
之涵大战L大超,1
纪录频道Nature,1
明月沧澜,1
我是刘大悦le,1
王者荣耀世界,1
No-Solution篮球,1
翁家梁Richard,1
哦桑ohsan,1
不会聊天的小七,1
勇敢De永,1
说说Crystal,1
电影流浪地球,1
努力生活的西鱼,1
鹿云清,1
裘丹莉,1
二宫雪朔,1
RayChenViolin,1
豫章道乐团,1
老王日记油画,1
汉森白JW,1
塞拉菲娜_Serafina,1
泽叔唠妆,1
是个泡泡_Pao,1
Epic游戏商城,1
半堂子,1
小宇菇菇,1
游戏星GameStar,1
Ghdsealas,1
我是晴天-麻辣晴子,1
盆克吉他手AA,1
梁大件,1
哎呀老付,1
三拾视频,1
檀东东Tango,1
真实电竞,1
Stormz67,1
壮烈成仁-,1
杨光_建厨师,1
頹男,1
蜡笔小坨恰恰恰,1
冲男阿凉,1
辣辣pony,1
小满家的晚饭,1
木姬空语,1
兔克tukier,1
普普通通Tony大叔,1
莫娜摸鱼专用,1
兔柔Tutu_,1
过期柠檬酥,1
夏厨陈二十,1
一条闲木鱼,1
工科男孙老师,1
川子唢呐,1
洛克王国官方手游,1
铃乃Chan,1
二控_,1
掠影纷争,1
主观哥哥,1
y_黑鲨麦旋风,1
画客行唯一号,1
鸽咕咕咕咕菜,1
颀三73,1
变相怪杰Mask,1
宅男街舞队_RAB,1
伊零Onezero,1
二手玫瑰乐队,1
限时理想-背带侠,1
林中小呜,1
凌云仗剑走天涯,1
徐桑,1
来一小碗Www,1
口技小青年,1
一张照片LOL,1
米花花的花,1
超级无敌螺旋老德玛,1
王村村,1
SENSTREET_,1
锌之助吖,1
凶鸭栗,1
叫我22就好啦,1
舞蹈家杨丽萍,1
大力仑爱吃菠菜,1
修车师傅-猫哥力,1
雪鸢_P,1
皮卡悠,1
离谱的东仔,1
凌凌上将-,1
安静君,1
又又Elf,1
我是阿彪叻,1
怪才G,1
一只碧某人,1
我和沙漠有个约定,1
诺米么lodmemo126,1
大鹏快开车,1
拧不动啊真拧不动,1
代号界,1
Shyo_,1
釋明空先輩,1
女神异闻录夜幕魅影,1
ILLIT,1
徕芬科技,1
大伟投食记官方账号,1
极速拍档-NANA,1
略nd,1
堂主撩車,1
田纳西Jay和Ari,1
BABYMONSTER_YG,1
卡子哥Game,1
邪神_Karasu_,1
金刚舞蹈,1
被风吹乱的发型,1
阿梓从小就很可爱,1
OliverWalsh,1
龙殿川,1
肥粥粥好吃嘛,1
小Q不是导盲犬,1
成都驾校赖师傅,1
智勇双全富贵君,1
江问渔渔渔,1
饭统戴老板,1
KerryDowdle,1
黑猫大少爷,1
拉小提琴的王主任,1
Faouzia凡希亚,1
游不动的小明,1
嗨刻,1
燕云十六声官方,1
鹤Bahet,1
chevyha,1
陆过的Lu,1
五个光,1
张白白bai,1
兔莉夫斯基OvO,1
苏尧的动物园,1
HoodedHorse,1
SEVENTEEN,1
赵一百在乡村,1
涡阳施玉,1
蜻蜓动漫CG,1
小陈陈爱钓鱼,1
李边请哟,1
漫画家耶格尔,1
心碎奈奈,1
马小花儿,1
超正经东叔,1
Marcin_Official,1
真的范大山,1
洞洞无双,1
伤心欲茄222,1
糖果兄弟糖果铺,1
口口医生在这里,1
华晨宇工作室,1
归龙潮,1
仙境传说-爱如初见RO,1
西班牙陈挺,1
画枚动画,1
逆战未来,1
麻辣纪子,1
迷人Rui_,1
回乡一朱,1
胡胡董,1
簸箕簸箕啵,1
一嫩牛五方一,1
游戏板砖,1
Lora辣,1
闲人1943,1
鈡葉,1
西游_笔绘西行,1
吟游诗人咣舅爷,1
三笠青钢影o,1
曹央央,1
彩玉和游嘉,1
左手刀鹏哥,1
临时工小陈,1
流心影者,1
小暗oOVOo,1
星穹餐车茶话会,1
节操Pro,1
正宗转转APP,1
Owen来造,1
Aimer,1
我系东爷,1
仙女110,1
侃木头哦,1
钢琴家史贺,1
爱摆牌的龙龙1代摆,1
眞白花音_Official,1
CoachGreg格教练,1
孙探长笔记,1
一坨馬,1
大鹏懂个球儿,1
一只白色QvQ,1
说车的姚老板,1
季不助,1
老白和她的故事,1
蓝色星原旅谣,1
凰家实验室,1
世界之外官方,1
非自然苏打,1
黄大锤呢,1
非洲小五,1
浪花姜,1
日语入门笔记,1
追月少年呀,1
大耳朵TV,1
不负责的奇怪故事,1
弹吉他的张大猫,1
酒中闲,1
狼岛主,1
超级funky橙子,1
瞿梦云,1
陈志新bnu,1
迷影至下Filmlast,1
唱唱反调呗,1
三亿世代实验室,1
皮卡小可爱,1
蓝白argentina,1
世界启元手游,1
牙牙的包裹,1
青蒜瞎哔哔,1
李英俊帅气,1
Veritasium真理元素,1
管不饿,1
水瓜洋子,1
再打个胶先,1
王与也行,1
友利奈绪大魔王丶,1
刘文超Vin,1
刘洲洲Lawpadhodie,1
周彤T-shirt,1
大物是也,1
SteveMould,1
异次元流落的一只羊,1
Cycle参辰,1
-磨树狮-,1
破产兄弟BrokeBros,1
黑糖啵啵梅子酒,1
橙熟的设计,1
手工阿强,1
龚琳娜,1
不明如意,1
刘安猪_Andrew,1
龙虾ゞ,1
没问题蚊西,1
圣光老山药,1
玩先森的TOYS,1
Strictlyviolin荀博,1
菌儿rikushi,1
-谢安然-,1
田园犬三仟,1
Pooh的小屋,1
凉鹿鹿鹿,1
骚拳超人,1
SoulBanana蕉蕉,1
声动音缘-叮当,1
linlin6776,1
飞飞的车COOL,1
插画师Leo,1
小心头-小意头,1
犬壹-,1
青厌君,1
仙剑世界,1
野不是不行,1
缘木方舍服务器,1
烛不遥,1
画画的邱锦鹏,1
大毛贩卖机,1
声物课,1
anita虾米米,1
赵澍哈哈哈,1
大黑口,1
沈月本人,1
笔龙XDDD,1
特雷森食堂,1
橘右美美子,1
好梦一日游zi,1
苏司喵susiemeoww,1
黄天麒l,1
贰一七,1
惯兰君,1
一数,1
Vaniah维,1
直男Talk,1
甜蜜老张,1
吾心如一,1
摄影家罗红,1
朝阳冬泳怪鸽,1
白夜极光,1
厚芋泥在B站,1
迈克尔杰克逊老猴,1
张靓颖,1
浅影阿_,1
乡野小罗呀,1
哦漏QAQ,1
Riana家的ghost,1
鱼丸公公,1
郑太阳Sun,1
比彼,1
七人传奇光与暗之交战,1
寒了个羽,1
NS-邓艺菲SuperA,1
范李猿,1
九品芝麻铲屎官,1
Vista看天下,1
Claire的编辑室,1
一奶茶本茶一,1
紫醉小迷兒,1
呆啊歪歪涵,1
CORSAK官方频道,1
凌世昊,1
氧化菊,1
Sugar不是叔,1
花冢なし,1
江户川肥喵酱,1
程墨INK,1
爱玩原神的敢敢,1
动画成君,1
lele摆烂啦,1
电影铃芽之旅,1
模型师老原儿,1
摄影师鬼迹,1
呵呵哒不爱头头,1
薛蟠的同学,1
倾世夭夭,1
日本媳妇在山东农村,1
萧枭同学,1
珩珩_,1
雷胖子不是胖子,1
美鹿莎,1
LinkinPark,1
MOREVFX,1
尸菌菌qwq,1
Mr_Carbon碳先森,1
高攀爱健身,1
插花艺术倪志翔,1
☆围观群众☆,1
街头社区,1
小圣来了H,1
美院天子聊画画,1
硬汉形象26,1
百草园日记,1
技术员小星星,1
铁铁铁盒,1
阿棍EHAZARD7,1
发射小人,1
量子位,1
谭盐,1
扎根措B站号,1
仔灰灰,1
高级灵魂张斯瑞,1
小民同学o,1
圈圈没灵感,1
阿拉克斯Alxlc,1
小白兔怕脏,1
阿正很硬,1
Miss_韩懿莹,1
水井姐姐999,1
夏弃疾下乡版,1
非洲飞哥,1
あ安娜苏,1
王蓝莓同学,1
李某心态又炸了,1
天津道乐团,1
彭传明pcm,1
潘多拉的饱嗝,1
晚点的阿介_,1
舌尖上的老六,1
花铭__,1
黑瘦的鱼头,1
阿宅速食料理,1
白客,1
消逝的活力,1
U_shoko_U,1
Joshko,1
小陈总啊,1
有只柯基叫可乐,1
一只小九九丫,1
笔心无忧BX,1
LOL二哈,1
一镜电影,1
小可追太阳,1
我只吃晚饭Mia,1
秋山黛西,1
碧蝉衣,1
D蚱蜢,1
湖远行官方,1
山口煮煮,1
HzW3,1
爬行天下,1
何同学工作室,1
我是咪总mi_im,1
天猫,1
Norah脱口秀,1
吉他手吴大碗,1
阿植ZHI,1
移日月转乾坤,1
RICH徐大花,1
陈家出了个秀才,1
废柴白具亿,1
招积亮,1
萌兽师,1
吃不完的赛罗酱,1
甘子七,1
在下乌鸦有何贵干,1
刘星锤锤,1
网不红萌叔Joey,1
煎饼果仔呀,1
跑步的子章老师,1
Tony老湿哦,1
哔哩哔哩公益,1
汐塔工作室,1
花小龙oy,1
幽明志,1
电影冷知识,1
陈横竖撇捺,1
泡影FoeM,1
明哥超跑维修翻新,1
改造蘑菇屋,1
yaoling1997,1
娄艺潇,1
埃克斯玩点啥,1
赤道猫,1
小商的拍车日记,1
JKAI杰凯,1
灯影刘肉丝,1
德森大师兄-阿杰,1
笑敛爱骑行,1
代号无限大,1
BW霄,1
丸子,1
一口仙奶油,1
李白尼的猜想,1
Easter2333,1
宁拨打的用户正忙,1
甜杏仁不可食,1
宇宙无敌汪师傅,1
北京青年x壹次访谈录,1
HoYoFair,1
耿同学讲故事,1
纪不住一周不更up主,1
无法翱翔の纸鹤,1
安秋金,1
佳莉电台,1
时空中的绘旅人,1
大沛沛沛吖,1
酷哥李pink儿,1
唐小川呀,1
特厨隋卞,1
咸鱼超闲余,1
孙逸轰,1
Twwrm,1
Joseph的机器,1
阿里达摩院扫地僧,1
枝名真白,1
pellek_official,1
超帅气的强哥,1
会手工的唐爸爸,1
春天一家,1
S呐_,1
我是梅小贱,1
老明读书,1
Hello吖小志,1
无人知晓孟岩,1
方老师来啦,1
泡姆泡姆,1
VikCAI,1
你哇哥233,1
喜欢旅拍的阿玮,1
乐天乔宇派,1
我是路十六,1
深夜摆烂者,1
万宝日记,1
张离谱Dreams,1
玉雕韩,1
饼人b,1
建康啊,1
909-章老师,1
向前农场日记,1
家有神兽,1
曹小灵比比叨,1
玉麒麟csgo,1
97张院长,1
路卡和瑞丽,1
wlop-,1
常乐兄弟,1
青岛大姨张大霞,1
还行小倪,1
a_kaeyada,1
网易射雕,1
大民Ge,1
胥子含是丫小丫瞪你,1
红色社畜,1
泓仙耀,1
老鸽0LDGE,1
二零退三,1
林鸥深ocean,1
Tommy不是谢尔比,1
梁夏的旅行呀,1
是曼玉不是鳗鱼,1
小马哥测评,1
赛尔计划,1
新石器时代,1
魔方达人夏天,1
木头乘以6,1
上海市民生活指南,1
海岛の墓碑,1
其人,1
慎啸,1
木歌总攻大人,1
李永乐老师官方,1
腥味猫罐,1
三木叔,1
七日世界官方,1
九晴九晴九,1
平原小狐,1
命运-冠位指定,1
摩斯神探,1
定格动画康文,1
王先生-_,1
吃不胖的放心,1
WildKoko木可,1
墨欣-,1
街头钢琴DrK,1
园姐-fightingmom,1
疯狂的曹某人,1
凡应,1
代号CF0,1
小天1米九,1
在下辉子,1
WANJINNY-LIN,1
东京阿鸡,1
夕拾二式树人君,1
薄海纸鱼,1
前前前世的陌生人,1
劲小郑,1
小人物天赐,1
比亚迪汽车,1
故事叔,1
田子元,1
一辣一辣hhh,1
Elin造梦想的厨房,1
翟脸脸,1
配音演员梁颖,1
很努力的班主任,1
里昂的奇妙人生,1
SK-II,1
就你叫阿益是吧,1
老片复盘半只猫,1
橙红Iris,1
野生大肥扬,1
巡天者叶梓颐,1
佐悠-Leisurely,1
杂乱无章MessUp,1
滋水大呲花,1
4A广告提案网,1
TESTV官方频道,1
风筝的心,1
慕容云磊,1
走x琛,1
鎖那_official,1
飞啡等待,1
霜晗,1
维他阿K,1
epcdiy,1
裂独舞,1
致明笑笑,1
半音清唱团,1
巢巢巢Even,1
湊-阿库娅Official,1
观学院官方,1
柑橘味の小百合,1
小米酱会发光,1
无师自通的天才剪辑师,1
おとめめめめめ,1
吃货明3,1
粉笔战争SoKrispy,1
王不病,1
若灵心理,1
艾栗夏,1
OPPO,1
边牧coffee的一家,1
哔哩哔哩直播,1
小愚筒子,1
雁鸿Aimee,1
村民徐尼玛,1
越小尤,1
迷人仄,1
侍晓俊,1
赵传歌手,1
林捂捂,1
生活就是画画画,1
朝阳区石小猛,1
手折余弦丶,1
无敌小小豆w,1
大门ZRR,1
吃素的阿飞,1
童嘎,1
我叫随小风,1
王老鸽_,1
铁甲骑士王,1
真实-WenPhoto,1
尚在天国EX,1
不想做实验的锦鲤仔,1
IT楠老师,1
哥大白大哥,1
NEXTworkout,1
不确定的所长,1
圻夏夏,1
做视频的洛唐,1
橙子_0425,1
名字君Montage,1
Halo_Orbit,1
理塘丁真,1
小岛鸽手,1
焦糖学姐,1
六分超超,1
名濑美桜,1
国漫唯美风,1
吐槽一哥Alonzo,1
嘈坊-,1
幺幺贰叁皮一皮,1
我在降妖现场呢,1
麓七麓七,1
真鱼,1
LSM不会剪辑,1
火箭箭R,1
可靠de伏特加,1
霜叶题诗,1
李佳航MVP,1
AliveGameStudio,1
Himoda黑猫大,1
菜菜子Nanako,1
不大白,1
眼见为识,1
pcyxjy,1
185的卡卡罗特,1
我们的太空,1
教墨除一,1
可挽澜之,1
男人_请出护甲,1
海盗Talk,1
木子旭_LEE,1
清云,1
善良的小矿工,1
超能造的王厂长,1
尽七七,1
桃核叫我桃道长,1
彼得本斯PeterBence,1
筷子兄弟王太利,1
TUNE_天宇,1
盏零,1
三千转,1
下班被游戏打,1
你米情报官,1
BearGrylls贝爷,1
巫托邦,1
高浪浪的内心戏,1
果冻lui,1
上海爱丽丝幻乐团,1
微冷の世界,1
女王泡面,1
无敌小阿七,1
平凡的月老,1
雷军,1
某门卫,1
果麦麦印刷厂,1
泡芙喵-PuFF,1
木公十,1
充气沙盒,1
一斗量,1
raoooola,1
演员管云鹏,1
想画画的吉仔,1
瑟瑟跑步,1
淘米睡起床了,1
一点应用,1
哩老汉丶,1
皮皮皮皮皮皮皮卡乒,1
滚滚不是广坤,1
_自叙_,1
药水哥y,1
哔哩哔哩番剧,1
张猫要练嘴皮子,1
搬翘,1
渊渊的奇妙冒险,1
乌鸦校尉CaptainWuya,1
英语兔,1
麻蛇不更我羹,1
醋酸沙拉,1
兜鍪君w,1
咪克菌,1
否认不否认,1
ZB龙哥,1
挽纫很会咕咕咕,1
nagi真的很文静,1
鲁三胖,1
影视后期系统教学,1
糖饺粽子,1
焦大仙啊,1
浪味仙QvO,1
普通人类实录,1
创坊科教,1
每天吃一个包谷,1
嘤乐人-皮咔,1
Ragnar天曦,1
安德烈的狼世界,1
锅盖哒,1
周雨思-音乐审美养成,1
韩美娟Amir,1
litterzy,1
仙荼儿,1
再肝剁手,1
斜杠玩家吉叔,1
阿毛有点方,1
溅哥搞什么,1
菜鸡莱特,1
新周刊Neweekly,1
丁乙-,1
三w点c,1
老邪说电影,1
公安部新闻宣传局,1
刘加勇医生,1
kouchanomun,1
猫叔慢跑,1
阿云-CCC,1
她整夜在写信,1
冰汝看美国,1
赤焰天天睡大觉,1
不会画出版社,1
招商银行官方账号,1
ocattaco,1
宋潮音乐企划,1
花园花玲,1
金贡GimGoon,1
柒_小诗,1
亲爱的嘉倩,1
月亮猹-,1
紫光-君,1
吾名加大,1
李昂星,1
孤独音符,1
范老师硬核减脂,1
电网头条,1
不是冬眠羊,1
牛顿顿顿,1
桔子小新,1
军武志,1
万物BB机,1
疯子啊滨,1
大象新闻,1
-林逸-,1
缩水的云,1
Renderbus瑞云渲染,1
我的甜甜派,1
sakanaction鱼韵乐队,1
白木哒哒哒,1
Puuung官方账号,1
二条和飞飞,1
Origami折纸哟,1
kou仔,1
蓝二烟,1
附魔星Fms,1
新华社快看,1
极速拍档-Jacky,1
一片叶子YE,1
留学生日报,1
大阳还会升起,1
抖抖村,1
木下结草,1
盖世猪猪丶,1
一马平川的妥妥,1
TheMix多语种乐团,1
在下龍一,1
卓叔增重,1
桥凡瞎捣蛊,1
深秋歌者,1
微小-时光,1
满意君UP,1
oskarpianist,1
sekaiの光子,1
辣椒提拉米苏,1
涛涛的小时光,1
HidaMari_Cooking,1
皮肤科的王医生,1
努力の巳宝宝,1
梦幻西游三维版,1
guixian88,1
A路人,1
可爱哒干物妹小埋,1
鸽王阿暑,1
纳米比亚海洋保护队,1
静哔哔哔哔,1
爱音乐的三丈,1
张子zi,1
蒸汽居士,1
银河小黄哥,1
YouTube精选字幕组,1
热心市民周湿傅,1
江灵夏草,1
何解毒,1
荣耀手机,1
椰子皮Pass,1
煤花三,1
蒸汽老男孩,1
好奇博士,1
琅叔,1
音乐兄弟MTL,1
善良的柚子,1
乃哥OvO,1
饭饭麻麻菜菜,1
于木在玩土,1
正川Kawa,1
是书瑶呀,1
拉布拉猪奶茶,1
冷漠咖,1
铭记的铭98,1
鸽王园园,1
秃草是真的,1
名字真的好难想哎,1
Debu贰兔,1
Arice_夜声,1
人类行为设计师-小周,1
仓鼠大逃亡,1
七二十七,1
叶络行,1
幼蓝蓝,1
方猫boom,1
了不起De中国人,1
Hacksmith,1
百年影视馆,1
阿言叭扎hey,1
微距世界MacroRoom,1
阿巳与小铃铛,1
上班族的便当,1
采紫葳的凌霄子,1
午夜飞行FBM,1
哈士奇的警犬梦,1
名侦探拳头,1
AMPISOUND,1
京阿尼语料,1
平平淡淡梁桑菌,1
恩雅NYA,1
河南共青团,1
Sandyflare,1
四天旅行箱,1
魔骑墨奇,1
星悦小美女PKU,1
我係非凡哥-麦长青,1
混剪Lemon,1
怪兽之王一哥斯拉,1
陌然MajorC,1
卢本偽的师傅丶r,1
某布君,1
_CiZY_,1
小见见Zz,1
大橘也饿了,1
安念Lanny,1
航拍网,1
狠毒女孩Money,1
痒局长,1
司马好奇,1
高冷小姜,1
披着双马尾的大叔,1
PeterCai彼得,1
郁郁_Yu,1
峰video,1
噩梦Crazy,1
扁豆看电影,1
天真的小马,1
纸鸢_Somnium,1
宅在家里什么都不会,1
热心网友小车神,1
Ba1y,1
爱探宅,1
浅笑安然呐,1
老实人小黑,1
linlin的奇妙冒险,1
苏老师不爱吃菜,1
卿初萸蓝,1
熊猫君又来啦,1
Director鹤唳云端,1
渔人阿烽,1
mlxgzzz,1
雨里待,1
董润祺,1
机智的二凡,1
英雄联盟手游,1
烽火湛蓝,1
妃说电影,1
哔哩哔哩守望先锋赛事,1
汪太宗,1
次郎JIRO,1
Leesnn,1
瑾姝Hikari,1
青春山东,1
阿里巴巴,1
花落千年之恋ss,1
钓钩钧XJ,1
箐雨yaa,1
叫我张山轰,1
我是呆毛王啊,1
鸽鸽鸽鸽子兮,1
海街和我,1
席泽霖,1
西理工自动化院学生会,1
答案4nswer,1
阿豪的阁楼,1
Ymbky丶,1
xnz-,1
坤哥爱剪辑,1
Eve_official,1
Nemo-ssc,1
友曰日谈,1
W总动员,1
爱睡觉的八尾猫,1
花二Strange,1
耳朵听了能怀孕,1
早睡健康长寿,1
漫画网站推荐,1
Chemistry_残鸢,1
竹棘,1
小蓝超级大聪明,1
悦耳钢琴-小晖,1
摇曳百合吧,1
马老师视光工作室,1
黄布林布林,1
鲲鹏万里616,1
小徐春风润物,1
chshh,1
梅尼耶大师,1
柴可夫司徒,1
尽整没用的,1
雪莱咚,1
DIO小恐龙,1
喵来啦_,1
布兜大师,1
教育思享,1
霸气的小猪Nong,1
一咸菊菊,1
pandapia熊猫乌托邦,1
挡到我的鸭肠了,1
J-Bao頻道,1
朴冉,1
张召忠,1
神烦XP,1
兰彻lancche,1
一嗷垚,1
1818黄金眼,1
科洛莫瑞兹ChloeMoretz,1
嘻咦啊看,1
迪亚瓦尔Diaval,1
20岁了还没去过星巴克,1
鋃月,1
小狼TOWER,1
隔壁班的喵会长,1
白胖过来,1
一岚子花,1
萌萌中自有天意,1
ONLee_Studio,1
O2O男团,1
听风风风风丶,1
春小喜,1
橘猫南希溪,1
哈尔-格里尔斯,1
贺柠,1
闪电姐姐的龙猫阿呆,1
寿司为什么,1
Dr-M1887,1
小小流氓兔,1
派三叔iPython3,1
正经音乐课,1
前进的Hania,1
紫银风,1
奇思Cheers,1
皮皮光本光,1
哔哩哔哩国创,1
星川杏_,1
猫神辣椒酱,1
相传叫作百草园,1
假正经宅可医,1
卷心菜7zZ,1
杰瑞本锐,1
白熊ONEヽ,1
动力评测,1
满江红红,1
何止电影,1
俊美的裤衩人,1
请叫我龙小白,1
混剪晓佳,1
陌上人如钰Q,1
画眠和老田,1
口语老炮儿马思瑞,1
御前带刀厨子,1
scorpio冬琦,1
林嘉驹,1
阿星星星河,1
齐天大肾余潇洒,1
大大大灯泡,1
渔夫lotsofone,1
张恩恩NNN,1
努力的Willing,1
傾梅z,1
枫吹枫又落,1
战忽智库,1
人类实验室,1
大蜡烛,1
MUSICAT-,1
Yui柯基大聪明,1
桥诘聖,1
卓影丶,1
皮阿鸡Piag,1
Moouyo默铀,1
极客队长GeekLead,1
安天映画,1
西柚汁_Official,1
想学画画的初慕,1
黎明の妖精,1
咪嘶Miss,1
二哥日记本,1
蕾姆老婆萌萌哒,1
大暴_赤leopard,1
SealWu吴一凡,1
晴儿Patricia,1
北纬的星空,1
小P孩儿呐,1
宋青纯洁如入睡的琥珀,1
琦王师傅,1
cybbxp,1
菌子笑笑,1
Chimera君,1
OwenCNP已停更号送人了,1
NathanRich火锅大王,1
忘川驻现世电台,1
快乐的Ler,1
生化企鹅EID,1
T?m,1
丿丶龙猫,1
低调的帅爷,1
鲁西西focus,1
Minecraft-ICE,1
李圆圆Emma,1
卡佈奇か诺,1
虚幻引擎官方,1
姗胖胖Joyce,1
大谷的游戏创作小屋,1
岑寂轮回,1
甲坂鱿鱼,1
画缺,1
超级神奇的木偶,1
朱亚文,1
-粽子酱-,1
江湖举人,1
炽夏夜之心,1
XXM动画,1
Vinheteiro,1
如此丶呆逼,1
园长米线,1
喵内゛,1
12仔Twelve,1
优柔寡断胡英俊,1
爱吃仙贝的小猪,1
俺妹妹就是这么可爱,1
整烂活的奉权同学,1
凉风葱叶,1
鬼山哥,1
万伟康from无人周六,1
千沧MONSTER,1
始春廿肆,1
____轩,1
黄_金_体_验,1
Mcanace7,1
法术大师-A2,1
囧墙先生,1
阿张RayZhang,1
狐小吉YUI,1
画画峰,1
再临临,1
古咕古菌,1
野纯Cz,1
纸巾y_,1
海系魔法师,1
老油条说,1
骑驴到西藏,1
雪霏岚岚,1
理查德-克莱德曼,1
神龙士力架,1
泡芙酱DAZE,1
芝士见长,1
一只不秀,1
小明的医路日常,1
青衣才不是御姐呢,1
-TOKUCHI-,1
是大腿,1
冯提莫,1
桃色弥情Selvin,1
一夜北风吹,1
宇芽YUYAMIKA,1
音乐Wu哥,1
温柔JUNZ,1
葡萄的叮当猫,1
Huuo嗖,1
永恒跳动的火焰,1
清水龙潭插竹竿,1
苏噗噜Supuloo,1
哈百里,1
NOOB酱,1
猎奇笔记本,1
白日失眠崽崽子,1
金渐层沈同学,1
幻影大厦,1
冷水煮乐器,1
凯玟桑,1
浅唱君Jacky,1
景辉_Irony,1
土豆の大魔王,1
岚fl,1
Yuki大力兔,1
no1hopes,1
一点爱送温暖,1
池年,1
江小鉴,1
小林未郁miccabose,1
炼金致富的阿彦,1
趣测酱,1
落桑西,1
浅葱喵asagiinyo,1
丁抠抠,1
东京大明白,1
黑猫XL,1
小熊纯一郎,1
毅斯不苟,1
花僧HanaSo,1
鬼畜↑可乐♂,1
Crazy_Bucket_陈楒潼,1
三笠?阿克曼,1
茶几君梦二,1
小艾伦-Eren,1
跟风龍舞,1
无尽の零,1
白夜长路deep丶,1
提着刀的胖虎,1
诺诺雾,1
朱一旦的二维生活,1
冰糖葫芦没放盐,1
烟花君嘎,1
星云画画,1
麦咾源Bingo,1
北绊半球,1
CGSmall游戏美术课堂,1
攀升电脑,1
方山厨子,1
Licky-QY,1
超正经的小李,1
RockyRoo,1
呆瓜混剪,1
SDARK,1
星火少年狼,1
楚世修_,1
親爱的夏,1
南鸽一只,1
明sir反骗局,1
你的硬币是我dio哒,1
克里米亚野生动物园,1
八嘎金,1
多喝雨水k,1
飞来MarsFly,1
咕咕咕咕叽歪,1
不知枫叶,1
aiFei小朋友,1
铁皮软糖乐队,1
秃马君,1
演员吴刚,1
洋洋郑小羊,1
橘域网,1
小海带sS,1
捏碳碳碳碳,1
星空眼萨摩萌萌,1
大桥桥Stephen,1
奔跑的任多多,1
是贪吃蛇蛇,1
神经刀游戏工作室,1
猫店,1
大司马工作室,1
UnicornPhantom,1
小陈同学piupiu,1
想退休的W,1
沾花惹草木,1
赵鹏,1
Ike_Official,1
反白嫖艺术家,1
PPT进化论,1
Creuzer,1
郝强Fit,1
二斤鬼火,1
小昕去钓鱼,1
手工侠,1
李洪绸,1
耿奶奶,1
圣屠,1
刘木头LiuMutou,1
三套车乐队,1
宫赫音NHz,1
赤色小荔枝,1
高彩萍和乔老爷,1
小谢坑比,1
吉儿一范伦婷,1
莱美中国LESMILLS,1
RobLandesMusic,1
艾奥科技,1
-A梦-,1
知三冬,1
荷塘星星,1
探影空间,1
微笑Fortune,1
白鸦v,1
珈乐Carol,1
炒蛋车间长,1
幕阳熙,1
无夜游名,1
香香软软的小泡芙,1
lyasmind,1
阿紫VirgoAzi,1
炎辰大鸽子,1
刀田一,1
师梦徽瑜,1
博丽x海苔,1
七分甜的秋刀鱼,1
AresserA-Vlog,1
詹詹家的猫,1
Far远东,1
-阿洋Yoko-,1
唐小米婆婆,1
红糖打年糕,1
前进的查理,1
沉梦丶c,1
A-SOUL_Official,1
红桃H丶,1
无脸男葫芦,1
蟹叔叔,1
清欢纪原创汉服工作室,1
石黑英雄,1
墨竹手写,1
-余怂怂-,1
刘琥动画,1
花花师界,1
恶人王小花,1
大猫频道,1
小菜来追剧了,1
妖の战歌,1
花滑运动员特鲁索娃,1
梦想做大佬的男人,1
HOYO-MiX,1
二凡就是我,1
没早晨的马丁,1
中级粒子,1
阿呆同学啊,1
马俐管家,1
阿男的食谱,1
易凌叔,1
GZHhaha,1
住范儿,1
在下冷冷,1
小熊猫Panda_,1
哎呀轩大,1
迷路小剧场,1
涂罗伊,1
钓可尔太曼,1
一米八的大龙猫,1
怪漫阿修,1
人称喵师傅,1
剪狗毛的倩哥,1
50达不溜,1
这个涂改液有毒,1
视角姬,1
在下曼妥思,1
演员李广奇,1
离忧先生,1
曹胜歌,1
螺丝爱洗头,1
结巴老爹,1
太白金星小蓬莱,1
炷天cartoooo,1
小蘑菇,1
Tydot官方,1
植物椿,1
唯佳酱,1
某哲君丶,1
糊记秀庄,1
卷er,1
里抚,1
薯条日记,1
超级草根郭师傅,1
梅姐爱画画,1
汪丷先生,1
高傲地低于生活,1
硬核拆解,1
试做型数狗器,1
清和Alicia,1
黄方块和粉星星a,1
芒果蘸沙拉,1
画语者邓宇,1
猫顿庄园,1
网易一梦江湖官方,1
X事件簿,1
爷爷的那些手艺,1
哇是小熊同学呀,1
陈伟猎手2077,1
阿扣叩叩,1
京桥刹那,1
红豆奶绿BLY,1
霄同学-,1
月影Yancie,1
老沐ocean,1
戒喵中心,1
清丰君qfj,1
翰德内画艺术,1
纵然归程需万载,1
呆阿拿,1
牛苦苦超甜,1
冷瓜总是那么慵懒,1
添柴厨师锤宝,1
金咸鱼,1
666K信譞,1
戴荃_悟空,1
提瓦特酱鸭,1
不更新A,1
豆豆动漫T,1
叫兔兔的SKa2or,1
周宝宝是真的,1
优雅大能猫,1
冷静是只猫,1
墨宸w,1
口无遮拦的柏哥,1
公子詺尊zzZ,1
Lenn林夏野,1
屎上最快乐的Up主,1
橘子海OrangeOcean,1
一只阿恩,1
紫锋的田园生活,1
派蒙的素材笔记本,1
张虎-中式面点,1
爱修汇,1
KatAndSid,1
好奇实验室官方,1
变脸怪杰,1
Marina杨,1
我是扒皮呀,1
杨启明同学,1
之梅零落,1
汪峰,1
见素设计,1
侯小鑫の生活速写,1
黑人黑科技,1
网易游戏大话西游,1
迈克尔杰克逊帽子,1
巫师财经,1
C戈体态美学,1
我是小妖怪,1
十连来个大炮,1
可大师,1
HGAQ_0,1
摸鱼的呆神毛,1
李娃娃在这,1
阿秀有新番,1
密林手作,1
西树,1
小纪不呃,1
熊三岁的玩乐世界,1
丽颖crystal,1
逸达,1
张予曦yci,1
光芒万丈黑暗骑士,1
叶的冒险,1
搞笑哈v,1
快乐的台长,1
Zachary辛巴,1
黄桃大王,1
我在一楼等米娜,1
大包包老师,1
新谷葉葉子,1
枫孑轩,1
画画的老张和面包,1
WOTE逃离地球乐队,1
大天搞笑配音,1
三棱镜D-PRISM,1
Suzy_Z_,1
雨说体育徐静雨,1
韩红工作室,1
文不叮,1
波也制造,1
啊皎wijiao,1
爱小鲤鱼年更版,1
聚印象视频,1
泥成精,1
koko396,1
hello周晓楠,1
金喆tt,1
会做漆的蛋蛋,1
Tank吕建忠,1
未知名的小白,1
Fame亮亮,1
墨菲potato,1
刘逗逗不怎么逗,1
翎人祭酒,1
雷厲風行_shin,1
清竹莫叶,1
云社_,1
hd5v5,1
Parion圆周率,1
老实人张精贵,1
杰克辣条,1
谭维维,1
张百乔,1
陨石张大福,1
WASU的纸偶,1
糖森君,1
阿豆彩宝切割工作室,1
梅尼耶,1
腿毛少女一目,1
刘畊宏willliu,1
120斤的两头猪,1
尴尬的铁根er,1
小叮当的一家,1
十代studio,1
鱼仔是真的狗,1
抑制意识,1
小摩托今天弹琴了吗,1
考拉做个东西,1
TheQ手工,1
黄万有水彩,1
MrMiss刘恋杜凯,1
Ukismeadow,1
破阵子l,1
有美妈手工,1
天橙U,1
S_zde菠萝桑,1
_番茄多_,1
河大基础医学院丁勇,1
呼吸菌zZ,1
原来是翔翔啊,1
茄茄茄-,1
NIJISANJI,1
往来无白嫖,1
隽砂堂,1
真名有雪,1
一半月X,1
小测佬风少,1
AlecBenjamin_CN,1
心河摆渡,1
radneSSS,1
爱狂三的星总,1
贫穷健身,1
虽华,1
自在中医说,1
匠人集,1
斩斩樱樱,1
二酱不怕不怕,1
小忍小忍创可贴,1
任性的KIMKILLS,1
App大能猫,1
B站七万星星,1
洛舟止,1
傲娇典狱长,1
star星视频,1
动漫推荐i,1
哈利波特魔法觉醒,1
我是球球菌,1
黑蓑影卫攻略组,1
AG超玩会王者荣耀梦泪,1
超限游侠BLimitsMan,1
缸缸在干嘛,1
非常正经的康仔,1
JSsss,1
配音演员高全胜,1
湖南卫视夏日少年派,1
某蛋w,1
中岛美嘉,1
导演小庄,1
索尼电影,1
青柠子甜,1
猴哥_Rider,1
冬穹夏草WinterSky,1
儿童合唱团OneVoice,1
本人硬汉静,1
花好月圆会,1
韩承霄,1
黑糖音乐秀,1
theiaの阿旋酱,1
葵的精神世界,1
缘来是妖精,1
鲁戴汀-kkk,1
靖靖不是立青,1
巴甫洛夫的下酒菜,1
w花酒不是花洒_,1
莲羊的岩彩学堂,1
Ado_jp,1
小菱Lin,1
张艺兴工作室,1
百变马丁官方,1
高_桥凉介_,1
_是小明同学_,1
phlight,1
音乐人周传雄,1
铭湫锅锅,1
水瓶子Pingzi,1
东部战区,1
吴彦忠,1
街头艺人小高,1
小魏小蛙历险记,1
楼上钱某,1
叫我辣辣辣子鸡,1
小妖凌薇姐,1
薛之谦,1
喵☆酱,1
少年阿给,1
少女爱丽丝-,1
爱睡觉の呆呆兽,1
歌白说Geslook,1
边靖婷,1
小本解说,1
Ilikehome定格动画,1
鹏小飞呀,1
不开不开我就不开,1
小猪要吃好果子,1
插画教程-,1
DV现场,1
蘸酱jamjam,1
维维诺诺x,1
水一大魔王,1
悟空bask,1
李木瓜,1
中科院格致论道讲坛,1
中国联通客服官方,1
老玉竹,1
彳文xow,1
阿威的冲浪日记,1
程序媛樱岛麻衣,1
陈里一点橙,1
汪品先院士,1
强锐强,1
马克Sparrow,1
帅已经没意思了,1
赫箩的苹果,1
路路迷路路,1
四阿哥li,1
早稻叽,1
穿板鞋的橘猫,1
小高姐的魔法调料,1
老凡Fv,1
阿特警官,1
壞兔1412,1
刘宪华Henry,1
赶稿人,1
米酥i,1
爆肝矿蛙,1
澎湃叔叔,1
阿林吃土,1
四十六游君,1
哔哩哔哩创作中心,1
腔调制造,1
晚星夏,1
若翰_,1
爆裂吧叶子,1
迷茫小树叶,1
康师傅红烧甜不辣,1
胡椒孜然_,1
李瑚琳,1
吃花椒的喵酱暗恋我,1
WBJ_Anime,1
杨舒予YSY_,1
wsliser,1
DM袋喵,1
piki,1
花篱刘小刀,1
一只摩羯菌,1
Bostonjr,1
萧酒画,1
剪刀手轩辕,1
橘里崽崽,1
小狮子piano,1
无牙人,1
蜜雪冰城官方站,1
vams07,1
练凌飞lkemon,1
坚韧的马老师,1
飞特那斯,1
张继科,1
跃于纸上,1
持有美貌,1
吟游诗人猩猩哥,1
17sile,1
正经的知识,1
波士顿圆脸,1
long同学,1
Deepain多次婉拒格莱美,1
Yvonne_莲井,1
小钰Hilda,1
Vekoabeese,1
吃草的兔子yy,1
人民网,1
南柯子梵-MmS,1
一颗青椒oh,1
啵嘤7,1
阿向菌,1
奶油鸽子精,1
年轻人王三炮,1
BBGG丶狮子喵,1
LIAN阿厘,1
零青子,1
晨曦Archi,1
不是词神,1
一只王霸天,1
探索吧芋圆,1
海螺张,1
他们野蛮生长,1
店长盖伦,1
小銘同学呢,1
LLlouis,1
_碳十二_,1
这个网名里得带个龙字,1
宇多田光,1
中国移动动感地带,1
何故在须臾叹息,1
阿林的饰界,1
月落星不落,1
手艺贾,1
易知朱,1
林壮士啊,1
AceyRain_脆皮兔,1
沧桑丸,1
normaleaf,1
蒋先生的艺术之道,1
菇菇和呱呱,1
愚人戏社,1
郑潇viki,1
李buy天,1
冰女安娜,1
刘川疯z,1
澄与诚,1
木南工坊,1
董城主,1
75fps,1
演员李感,1
游戏收藏家Game,1
苏逸_Suyi,1
三木章,1
次元小主,1
阿诺德evd,1
极拍小会员,1
叫我赵赵赵丽娜,1
小雪Yux_x,1
rondeseo,1
凉辰lc_,1
kiesaru_Hxs,1
茜茜的旅行,1
约战精灵情报处,1
小鸣er先生,1
逍遥米饭啊,1
MoreBoost,1
克劳斯麦特,1
乃琳Queen,1
刘大悦er,1
比利巴利嘣,1
中国邮政,1
古的古的,1
嗨大兴,1
邓峰萌萌摔肿了,1
零崎人物,1
晨钟酱Official,1
走南养老院,1
烟沙的画有点长,1
沙雕队长大明,1
葹荢,1
结城梨斗_,1
Uki----,1
米蛙的电娃,1
字幕君GOUBA,1
长白山老万,1
水滴酱,1
樱木君QAQ,1
未名柒柒,1
隔壁公司的傻狗,1
萌不咕,1
炸炸来了_,1
海伦娜儿,1
整活专家阿喵,1
二十要吃奶希,1
两颗熟李子,1
拼音音,1
Jason-老湿,1
波卤,1
一个爱吃的猪,1
Endroro,1
姜云升,1
夜空-RequiemNight-,1
循环Cycle,1
无责任的幻想世界,1
麻烦摩摩叩,1
黑白间设计,1
影薄要努力变高,1
Gandy__,1
弹珠汽水aya,1
叶笛云央,1
天庭魔术,1
有点艺思哦,1
腾讯电竞,1
CodeSheep,1
花花Haya,1
大老师Sam,1
鹤灵Healing,1
是哈礼鹿呀,1
小提琴Filip,1
司空子衡,1
派小爪,1
倾颜墨安,1
清木dir,1
打不过就机械降神,1
丧心病狂周公子,1
面筋哥-程书林,1
战余兮CJ,1
药别停的啊呜,1
纸质动画师Millkun,1
黑喵千岁岁,1
威希弟,1
一棵平衡树,1
圆某人和四某人,1
腾讯音乐娱乐集团,1
void新神殿下,1
思彤彤子,1
Mandell博士,1
弯弯姜,1
凛-阿格里亚斯,1
yizhilugou,1
怀特东,1
黎耀祥,1
Jack-Cui,1
BLG电子竞技俱乐部,1
记忆图书馆馆长,1
惊奇咕咕,1
胸外科的聂_新斯的明,1
天才美少女幼稚园,1
非非宇Fay,1
萌德斯啾,1
中国科普博览,1
